{"epoch":99,"_timestamp":1.7709470876335423e+09,"_step":99,"train_loss":0.018320000364348808,"val_loss":0.03631190725547426,"masked_mse":0.4934421637478997,"_wandb":{"runtime":10393},"_runtime":10393}